timeStamp,elapsed,label,responseCode,responseMessage,threadName,dataType,success,failureMessage,bytes,sentBytes,grpThreads,allThreads,URL,Latency,IdleTime,Connect
1718573945603,947,book API,200,OK,Book api 1-2,text,true,,4762,131,4,4,https://demoqa.com/BookStore/v1/Books,943,0,595
1718573945361,1188,book API,200,OK,Book api 1-1,text,true,,4762,131,4,4,https://demoqa.com/BookStore/v1/Books,1186,0,889
1718573945964,874,book API,200,OK,Book api 1-3,text,true,,4762,131,3,3,https://demoqa.com/BookStore/v1/Books,874,0,557
1718573946323,806,book API,200,OK,Book api 1-4,text,true,,4762,131,3,3,https://demoqa.com/BookStore/v1/Books,806,0,532
1718573946684,792,book API,200,OK,Book api 1-5,text,true,,4762,131,3,3,https://demoqa.com/BookStore/v1/Books,792,0,522
1718573947045,781,book API,200,OK,Book api 1-6,text,true,,4762,131,3,3,https://demoqa.com/BookStore/v1/Books,781,0,521
1718573947404,796,book API,200,OK,Book api 1-7,text,true,,4762,131,3,3,https://demoqa.com/BookStore/v1/Books,796,0,523
1718573947766,797,book API,200,OK,Book api 1-8,text,true,,4762,131,3,3,https://demoqa.com/BookStore/v1/Books,797,0,520
1718573948127,796,book API,200,OK,Book api 1-9,text,true,,4762,131,3,3,https://demoqa.com/BookStore/v1/Books,796,0,525
1718573948488,822,book API,200,OK,Book api 1-10,text,true,,4762,131,3,3,https://demoqa.com/BookStore/v1/Books,822,0,522
1718573948848,785,book API,200,OK,Book api 1-11,text,true,,4762,131,3,3,https://demoqa.com/BookStore/v1/Books,785,0,516
1718573949210,814,book API,200,OK,Book api 1-12,text,true,,4762,131,3,3,https://demoqa.com/BookStore/v1/Books,814,0,534
1718573949571,792,book API,200,OK,Book api 1-13,text,true,,4762,131,3,3,https://demoqa.com/BookStore/v1/Books,792,0,528
1718573949933,815,book API,200,OK,Book api 1-14,text,true,,4762,131,3,3,https://demoqa.com/BookStore/v1/Books,815,0,528
1718573950292,792,book API,200,OK,Book api 1-15,text,true,,4762,131,3,3,https://demoqa.com/BookStore/v1/Books,792,0,525
1718573950653,778,book API,200,OK,Book api 1-16,text,true,,4762,131,3,3,https://demoqa.com/BookStore/v1/Books,778,0,515
1718573951013,825,book API,200,OK,Book api 1-17,text,true,,4762,131,3,3,https://demoqa.com/BookStore/v1/Books,825,0,547
1718573951376,798,book API,200,OK,Book api 1-18,text,true,,4762,131,3,3,https://demoqa.com/BookStore/v1/Books,798,0,531
1718573951735,766,book API,200,OK,Book api 1-19,text,true,,4762,131,3,3,https://demoqa.com/BookStore/v1/Books,766,0,508
1718573952096,776,book API,200,OK,Book api 1-20,text,true,,4762,131,3,3,https://demoqa.com/BookStore/v1/Books,775,0,511
1718573952458,796,book API,200,OK,Book api 1-21,text,true,,4762,131,3,3,https://demoqa.com/BookStore/v1/Books,796,0,516
1718573952819,787,book API,200,OK,Book api 1-22,text,true,,4762,131,3,3,https://demoqa.com/BookStore/v1/Books,787,0,520
1718573953181,802,book API,200,OK,Book api 1-23,text,true,,4762,131,3,3,https://demoqa.com/BookStore/v1/Books,802,0,531
1718573953540,806,book API,200,OK,Book api 1-24,text,true,,4762,131,3,3,https://demoqa.com/BookStore/v1/Books,806,0,532
1718573953901,807,book API,200,OK,Book api 1-25,text,true,,4762,131,3,3,https://demoqa.com/BookStore/v1/Books,807,0,529
1718573954263,784,book API,200,OK,Book api 1-26,text,true,,4762,131,3,3,https://demoqa.com/BookStore/v1/Books,784,0,522
1718573954623,779,book API,200,OK,Book api 1-27,text,true,,4762,131,3,3,https://demoqa.com/BookStore/v1/Books,779,0,521
1718573954986,784,book API,200,OK,Book api 1-28,text,true,,4762,131,3,3,https://demoqa.com/BookStore/v1/Books,784,0,520
1718573955347,793,book API,200,OK,Book api 1-29,text,true,,4762,131,3,3,https://demoqa.com/BookStore/v1/Books,793,0,523
1718573955708,794,book API,200,OK,Book api 1-30,text,true,,4762,131,3,3,https://demoqa.com/BookStore/v1/Books,794,0,524
1718573956069,789,book API,200,OK,Book api 1-31,text,true,,4762,131,3,3,https://demoqa.com/BookStore/v1/Books,789,0,528
1718573956429,785,book API,200,OK,Book api 1-32,text,true,,4762,131,3,3,https://demoqa.com/BookStore/v1/Books,785,0,515
1718573956790,790,book API,200,OK,Book api 1-33,text,true,,4762,131,3,3,https://demoqa.com/BookStore/v1/Books,790,0,526
1718573957152,789,book API,200,OK,Book api 1-34,text,true,,4762,131,3,3,https://demoqa.com/BookStore/v1/Books,789,0,524
1718573957513,784,book API,200,OK,Book api 1-35,text,true,,4762,131,3,3,https://demoqa.com/BookStore/v1/Books,784,0,520
1718573957873,792,book API,200,OK,Book api 1-36,text,true,,4762,131,3,3,https://demoqa.com/BookStore/v1/Books,792,0,520
1718573958234,772,book API,200,OK,Book api 1-37,text,true,,4762,131,3,3,https://demoqa.com/BookStore/v1/Books,772,0,510
1718573958596,797,book API,200,OK,Book api 1-38,text,true,,4762,131,3,3,https://demoqa.com/BookStore/v1/Books,797,0,527
1718573958957,798,book API,200,OK,Book api 1-39,text,true,,4762,131,3,3,https://demoqa.com/BookStore/v1/Books,798,0,511
1718573959317,765,book API,200,OK,Book api 1-40,text,true,,4762,131,3,3,https://demoqa.com/BookStore/v1/Books,765,0,507
1718573959678,770,book API,200,OK,Book api 1-41,text,true,,4762,131,3,3,https://demoqa.com/BookStore/v1/Books,770,0,507
1718573960048,784,book API,200,OK,Book api 1-42,text,true,,4762,131,3,3,https://demoqa.com/BookStore/v1/Books,784,0,525
1718573960400,801,book API,200,OK,Book api 1-43,text,true,,4762,131,3,3,https://demoqa.com/BookStore/v1/Books,801,0,528
1718573960760,790,book API,200,OK,Book api 1-44,text,true,,4762,131,3,3,https://demoqa.com/BookStore/v1/Books,790,0,527
1718573961121,805,book API,200,OK,Book api 1-45,text,true,,4762,131,3,3,https://demoqa.com/BookStore/v1/Books,805,0,542
1718573961484,780,book API,200,OK,Book api 1-46,text,true,,4762,131,3,3,https://demoqa.com/BookStore/v1/Books,780,0,520
1718573961842,794,book API,200,OK,Book api 1-47,text,true,,4762,131,3,3,https://demoqa.com/BookStore/v1/Books,794,0,524
1718573962205,774,book API,200,OK,Book api 1-48,text,true,,4762,131,3,3,https://demoqa.com/BookStore/v1/Books,774,0,512
1718573962565,809,book API,200,OK,Book api 1-49,text,true,,4762,131,3,3,https://demoqa.com/BookStore/v1/Books,809,0,535
1718573962926,772,book API,200,OK,Book api 1-50,text,true,,4762,131,3,3,https://demoqa.com/BookStore/v1/Books,772,0,512
1718573963298,786,book API,200,OK,Book api 1-51,text,true,,4762,131,3,3,https://demoqa.com/BookStore/v1/Books,786,0,523
1718573963648,780,book API,200,OK,Book api 1-52,text,true,,4762,131,3,3,https://demoqa.com/BookStore/v1/Books,780,0,520
1718573964010,782,book API,200,OK,Book api 1-53,text,true,,4762,131,3,3,https://demoqa.com/BookStore/v1/Books,782,0,521
1718573964370,805,book API,200,OK,Book api 1-54,text,true,,4762,131,3,3,https://demoqa.com/BookStore/v1/Books,805,0,541
1718573964732,776,book API,200,OK,Book api 1-55,text,true,,4762,131,3,3,https://demoqa.com/BookStore/v1/Books,776,0,517
1718573965093,776,book API,200,OK,Book api 1-56,text,true,,4762,131,3,3,https://demoqa.com/BookStore/v1/Books,776,0,519
1718573965453,798,book API,200,OK,Book api 1-57,text,true,,4762,131,3,3,https://demoqa.com/BookStore/v1/Books,797,0,524
1718573965813,781,book API,200,OK,Book api 1-58,text,true,,4762,131,3,3,https://demoqa.com/BookStore/v1/Books,781,0,516
1718573966176,771,book API,200,OK,Book api 1-59,text,true,,4762,131,3,3,https://demoqa.com/BookStore/v1/Books,771,0,509
1718573966537,796,book API,200,OK,Book api 1-60,text,true,,4762,131,3,3,https://demoqa.com/BookStore/v1/Books,796,0,532
1718573966896,798,book API,200,OK,Book api 1-61,text,true,,4762,131,3,3,https://demoqa.com/BookStore/v1/Books,798,0,535
1718573967257,817,book API,200,OK,Book api 1-62,text,true,,4762,131,3,3,https://demoqa.com/BookStore/v1/Books,817,0,543
1718573967620,802,book API,200,OK,Book api 1-63,text,true,,4762,131,3,3,https://demoqa.com/BookStore/v1/Books,802,0,530
1718573967980,781,book API,200,OK,Book api 1-64,text,true,,4762,131,3,3,https://demoqa.com/BookStore/v1/Books,781,0,520
1718573968342,816,book API,200,OK,Book api 1-65,text,true,,4762,131,3,3,https://demoqa.com/BookStore/v1/Books,816,0,528
1718573968702,797,book API,200,OK,Book api 1-66,text,true,,4762,131,3,3,https://demoqa.com/BookStore/v1/Books,796,0,520
1718573969426,782,book API,200,OK,Book api 1-68,text,true,,4762,131,4,4,https://demoqa.com/BookStore/v1/Books,782,0,516
1718573969063,1338,book API,200,OK,Book api 1-67,text,true,,4762,131,3,3,https://demoqa.com/BookStore/v1/Books,1338,0,530
1718573969786,787,book API,200,OK,Book api 1-69,text,true,,4762,131,3,3,https://demoqa.com/BookStore/v1/Books,787,0,525
1718573970150,785,book API,200,OK,Book api 1-70,text,true,,4762,131,3,3,https://demoqa.com/BookStore/v1/Books,785,0,510
1718573970507,782,book API,200,OK,Book api 1-71,text,true,,4762,131,3,3,https://demoqa.com/BookStore/v1/Books,782,0,508
1718573970870,804,book API,200,OK,Book api 1-72,text,true,,4762,131,3,3,https://demoqa.com/BookStore/v1/Books,804,0,531
1718573971230,781,book API,200,OK,Book api 1-73,text,true,,4762,131,3,3,https://demoqa.com/BookStore/v1/Books,781,0,522
1718573971591,787,book API,200,OK,Book api 1-74,text,true,,4762,131,3,3,https://demoqa.com/BookStore/v1/Books,787,0,520
1718573971953,780,book API,200,OK,Book api 1-75,text,true,,4762,131,3,3,https://demoqa.com/BookStore/v1/Books,780,0,516
1718573972314,799,book API,200,OK,Book api 1-76,text,true,,4762,131,3,3,https://demoqa.com/BookStore/v1/Books,799,0,525
1718573972674,785,book API,200,OK,Book api 1-77,text,true,,4762,131,3,3,https://demoqa.com/BookStore/v1/Books,785,0,516
1718573973034,816,book API,200,OK,Book api 1-78,text,true,,4762,131,3,3,https://demoqa.com/BookStore/v1/Books,816,0,521
1718573973398,824,book API,200,OK,Book api 1-79,text,true,,4762,131,3,3,https://demoqa.com/BookStore/v1/Books,824,0,543
1718573973757,772,book API,200,OK,Book api 1-80,text,true,,4762,131,3,3,https://demoqa.com/BookStore/v1/Books,772,0,507
1718573974117,772,book API,200,OK,Book api 1-81,text,true,,4762,131,3,3,https://demoqa.com/BookStore/v1/Books,772,0,508
1718573974479,805,book API,200,OK,Book api 1-82,text,true,,4762,131,3,3,https://demoqa.com/BookStore/v1/Books,805,0,531
1718573974841,795,book API,200,OK,Book api 1-83,text,true,,4762,131,3,3,https://demoqa.com/BookStore/v1/Books,795,0,530
1718573975202,806,book API,200,OK,Book api 1-84,text,true,,4762,131,3,3,https://demoqa.com/BookStore/v1/Books,806,0,529
1718573975564,797,book API,200,OK,Book api 1-85,text,true,,4762,131,3,3,https://demoqa.com/BookStore/v1/Books,797,0,528
1718573975924,789,book API,200,OK,Book api 1-86,text,true,,4762,131,3,3,https://demoqa.com/BookStore/v1/Books,789,0,516
1718573976285,779,book API,200,OK,Book api 1-87,text,true,,4762,131,3,3,https://demoqa.com/BookStore/v1/Books,779,0,518
1718573976645,799,book API,200,OK,Book api 1-88,text,true,,4762,131,3,3,https://demoqa.com/BookStore/v1/Books,799,0,530
1718573977006,773,book API,200,OK,Book api 1-89,text,true,,4762,131,3,3,https://demoqa.com/BookStore/v1/Books,773,0,514
1718573977368,846,book API,200,OK,Book api 1-90,text,true,,4762,131,3,3,https://demoqa.com/BookStore/v1/Books,846,0,529
1718573977730,796,book API,200,OK,Book api 1-91,text,true,,4762,131,3,3,https://demoqa.com/BookStore/v1/Books,796,0,518
1718573978089,788,book API,200,OK,Book api 1-92,text,true,,4762,131,3,3,https://demoqa.com/BookStore/v1/Books,788,0,527
1718573978449,788,book API,200,OK,Book api 1-93,text,true,,4762,131,3,3,https://demoqa.com/BookStore/v1/Books,788,0,521
1718573978812,854,book API,200,OK,Book api 1-94,text,true,,4762,131,3,3,https://demoqa.com/BookStore/v1/Books,854,0,517
1718573979172,829,book API,200,OK,Book api 1-95,text,true,,4762,131,3,3,https://demoqa.com/BookStore/v1/Books,829,0,546
1718573979534,820,book API,200,OK,Book api 1-96,text,true,,4762,131,3,3,https://demoqa.com/BookStore/v1/Books,820,0,527
1718573979894,776,book API,200,OK,Book api 1-97,text,true,,4762,131,3,3,https://demoqa.com/BookStore/v1/Books,776,0,511
1718573980255,772,book API,200,OK,Book api 1-98,text,true,,4762,131,3,3,https://demoqa.com/BookStore/v1/Books,772,0,510
1718573980618,803,book API,200,OK,Book api 1-99,text,true,,4762,131,3,3,https://demoqa.com/BookStore/v1/Books,803,0,532
1718573980978,792,book API,200,OK,Book api 1-100,text,true,,4762,131,3,3,https://demoqa.com/BookStore/v1/Books,792,0,511
1718573981338,798,book API,200,OK,Book api 1-101,text,true,,4762,131,3,3,https://demoqa.com/BookStore/v1/Books,798,0,533
1718573981700,796,book API,200,OK,Book api 1-102,text,true,,4762,131,3,3,https://demoqa.com/BookStore/v1/Books,796,0,525
1718573982060,819,book API,200,OK,Book api 1-103,text,true,,4762,131,3,3,https://demoqa.com/BookStore/v1/Books,819,0,550
1718573982424,786,book API,200,OK,Book api 1-104,text,true,,4762,131,3,3,https://demoqa.com/BookStore/v1/Books,786,0,522
1718573982783,805,book API,200,OK,Book api 1-105,text,true,,4762,131,3,3,https://demoqa.com/BookStore/v1/Books,805,0,526
1718573983143,789,book API,200,OK,Book api 1-106,text,true,,4762,131,3,3,https://demoqa.com/BookStore/v1/Books,789,0,522
1718573983504,784,book API,200,OK,Book api 1-107,text,true,,4762,131,3,3,https://demoqa.com/BookStore/v1/Books,784,0,517
1718573983865,787,book API,200,OK,Book api 1-108,text,true,,4762,131,3,3,https://demoqa.com/BookStore/v1/Books,787,0,517
1718573984225,771,book API,200,OK,Book api 1-109,text,true,,4762,131,3,3,https://demoqa.com/BookStore/v1/Books,771,0,512
1718573984586,791,book API,200,OK,Book api 1-110,text,true,,4762,131,3,3,https://demoqa.com/BookStore/v1/Books,791,0,518
1718573984949,793,book API,200,OK,Book api 1-111,text,true,,4762,131,3,3,https://demoqa.com/BookStore/v1/Books,793,0,528
1718573985310,810,book API,200,OK,Book api 1-112,text,true,,4762,131,3,3,https://demoqa.com/BookStore/v1/Books,810,0,531
1718573985671,780,book API,200,OK,Book api 1-113,text,true,,4762,131,3,3,https://demoqa.com/BookStore/v1/Books,780,0,519
1718573986031,790,book API,200,OK,Book api 1-114,text,true,,4762,131,3,3,https://demoqa.com/BookStore/v1/Books,790,0,521
1718573986393,781,book API,200,OK,Book api 1-115,text,true,,4762,131,3,3,https://demoqa.com/BookStore/v1/Books,781,0,517
1718573986754,774,book API,200,OK,Book api 1-116,text,true,,4762,131,3,3,https://demoqa.com/BookStore/v1/Books,774,0,516
1718573987113,772,book API,200,OK,Book api 1-117,text,true,,4762,131,3,3,https://demoqa.com/BookStore/v1/Books,772,0,511
1718573987474,774,book API,200,OK,Book api 1-118,text,true,,4762,131,3,3,https://demoqa.com/BookStore/v1/Books,774,0,510
1718573987837,776,book API,200,OK,Book api 1-119,text,true,,4762,131,3,3,https://demoqa.com/BookStore/v1/Books,776,0,508
1718573988202,784,book API,200,OK,Book api 1-120,text,true,,4762,131,3,3,https://demoqa.com/BookStore/v1/Books,784,0,504
1718573988559,794,book API,200,OK,Book api 1-121,text,true,,4762,131,3,3,https://demoqa.com/BookStore/v1/Books,794,0,514
1718573988920,794,book API,200,OK,Book api 1-122,text,true,,4762,131,3,3,https://demoqa.com/BookStore/v1/Books,794,0,525
1718573989281,827,book API,200,OK,Book api 1-123,text,true,,4762,131,3,3,https://demoqa.com/BookStore/v1/Books,827,0,520
1718573989640,809,book API,200,OK,Book api 1-124,text,true,,4762,131,3,3,https://demoqa.com/BookStore/v1/Books,809,0,532
1718573990004,808,book API,200,OK,Book api 1-125,text,true,,4762,131,3,3,https://demoqa.com/BookStore/v1/Books,808,0,534
1718573990364,792,book API,200,OK,Book api 1-126,text,true,,4762,131,3,3,https://demoqa.com/BookStore/v1/Books,792,0,521
1718573990724,796,book API,200,OK,Book api 1-127,text,true,,4762,131,3,3,https://demoqa.com/BookStore/v1/Books,796,0,518
1718573991086,805,book API,200,OK,Book api 1-128,text,true,,4762,131,3,3,https://demoqa.com/BookStore/v1/Books,805,0,532
1718573991446,788,book API,200,OK,Book api 1-129,text,true,,4762,131,3,3,https://demoqa.com/BookStore/v1/Books,788,0,512
1718573991807,798,book API,200,OK,Book api 1-130,text,true,,4762,131,3,3,https://demoqa.com/BookStore/v1/Books,798,0,511
1718573992167,782,book API,200,OK,Book api 1-131,text,true,,4762,131,3,3,https://demoqa.com/BookStore/v1/Books,782,0,525
1718573992528,786,book API,200,OK,Book api 1-132,text,true,,4762,131,3,3,https://demoqa.com/BookStore/v1/Books,786,0,522
1718573992891,780,book API,200,OK,Book api 1-133,text,true,,4762,131,3,3,https://demoqa.com/BookStore/v1/Books,780,0,520
1718573993250,792,book API,200,OK,Book api 1-134,text,true,,4762,131,3,3,https://demoqa.com/BookStore/v1/Books,792,0,520
1718573993611,783,book API,200,OK,Book api 1-135,text,true,,4762,131,3,3,https://demoqa.com/BookStore/v1/Books,783,0,518
1718573993973,774,book API,200,OK,Book api 1-136,text,true,,4762,131,3,3,https://demoqa.com/BookStore/v1/Books,774,0,515
1718573994334,785,book API,200,OK,Book api 1-137,text,true,,4762,131,3,3,https://demoqa.com/BookStore/v1/Books,785,0,518
1718573994694,781,book API,200,OK,Book api 1-138,text,true,,4762,131,3,3,https://demoqa.com/BookStore/v1/Books,781,0,516
1718573995055,795,book API,200,OK,Book api 1-139,text,true,,4762,131,3,3,https://demoqa.com/BookStore/v1/Books,795,0,517
1718573995418,801,book API,200,OK,Book api 1-140,text,true,,4762,131,3,3,https://demoqa.com/BookStore/v1/Books,801,0,540
1718573995777,764,book API,200,OK,Book api 1-141,text,true,,4762,131,3,3,https://demoqa.com/BookStore/v1/Books,764,0,507
1718573996139,802,book API,200,OK,Book api 1-142,text,true,,4762,131,3,3,https://demoqa.com/BookStore/v1/Books,802,0,529
1718573996500,794,book API,200,OK,Book api 1-143,text,true,,4762,131,3,3,https://demoqa.com/BookStore/v1/Books,794,0,526
1718573996861,778,book API,200,OK,Book api 1-144,text,true,,4762,131,3,3,https://demoqa.com/BookStore/v1/Books,778,0,510
1718573997222,788,book API,200,OK,Book api 1-145,text,true,,4762,131,3,3,https://demoqa.com/BookStore/v1/Books,788,0,517
1718573997584,780,book API,200,OK,Book api 1-146,text,true,,4762,131,3,3,https://demoqa.com/BookStore/v1/Books,780,0,516
1718573997944,795,book API,200,OK,Book api 1-147,text,true,,4762,131,3,3,https://demoqa.com/BookStore/v1/Books,795,0,524
1718573998303,789,book API,200,OK,Book api 1-148,text,true,,4762,131,3,3,https://demoqa.com/BookStore/v1/Books,789,0,512
1718573998665,775,book API,200,OK,Book api 1-149,text,true,,4762,131,3,3,https://demoqa.com/BookStore/v1/Books,775,0,514
1718573999032,788,book API,200,OK,Book api 1-150,text,true,,4762,131,3,3,https://demoqa.com/BookStore/v1/Books,788,0,522
1718573999388,805,book API,200,OK,Book api 1-151,text,true,,4762,131,3,3,https://demoqa.com/BookStore/v1/Books,805,0,527
1718573999747,800,book API,200,OK,Book api 1-152,text,true,,4762,131,3,3,https://demoqa.com/BookStore/v1/Books,800,0,524
1718574000108,792,book API,200,OK,Book api 1-153,text,true,,4762,131,3,3,https://demoqa.com/BookStore/v1/Books,792,0,521
1718574000471,784,book API,200,OK,Book api 1-154,text,true,,4762,131,3,3,https://demoqa.com/BookStore/v1/Books,784,0,518
1718574000832,821,book API,200,OK,Book api 1-155,text,true,,4762,131,3,3,https://demoqa.com/BookStore/v1/Books,821,0,521
1718574001193,786,book API,200,OK,Book api 1-156,text,true,,4762,131,3,3,https://demoqa.com/BookStore/v1/Books,786,0,515
1718574001554,855,book API,200,OK,Book api 1-157,text,true,,4762,131,3,3,https://demoqa.com/BookStore/v1/Books,855,0,581
1718574001915,773,book API,200,OK,Book api 1-158,text,true,,4762,131,3,3,https://demoqa.com/BookStore/v1/Books,773,0,508
1718574002276,804,book API,200,OK,Book api 1-159,text,true,,4762,131,3,3,https://demoqa.com/BookStore/v1/Books,804,0,532
1718574002637,807,book API,200,OK,Book api 1-160,text,true,,4762,131,3,3,https://demoqa.com/BookStore/v1/Books,807,0,522
1718574002999,803,book API,200,OK,Book api 1-161,text,true,,4762,131,3,3,https://demoqa.com/BookStore/v1/Books,803,0,531
1718574003359,802,book API,200,OK,Book api 1-162,text,true,,4762,131,3,3,https://demoqa.com/BookStore/v1/Books,802,0,530
1718574003719,802,book API,200,OK,Book api 1-163,text,true,,4762,131,3,3,https://demoqa.com/BookStore/v1/Books,802,0,526
1718574004082,801,book API,200,OK,Book api 1-164,text,true,,4762,131,3,3,https://demoqa.com/BookStore/v1/Books,801,0,529
1718574004442,804,book API,200,OK,Book api 1-165,text,true,,4762,131,2,2,https://demoqa.com/BookStore/v1/Books,804,0,539
1718574004802,785,book API,200,OK,Book api 1-166,text,true,,4762,131,1,1,https://demoqa.com/BookStore/v1/Books,785,0,515
